{
  "rmse": 1.245879353415553,
  "mae": 1.0125068474188097
}